date;Nb(#);Duration;Amplitude;Magnitude;E(J);Longitude;Latitude;Depth;Type;File;LocMode;LocType;Projection;Operator;Timestamp;ID
20180901 024030.18;3;12.36;Faible;0.0728415716;81145.1107626815;-61.66393115;16.04473992;-0.53515625;VOLCEMB;2018/09/01/ovsg2018regugs;manual;earthquake;WGS84;ABU;20180901T024030.18;2018-09#6
20180901 045810.98;3;3.9;Faible;;;-61.66907;16.04454;;VOLCEMB;2018/09/01/ovsg2018reliuw;manual;earthquake;WGS84;ABU;20180901T045810.98;2018-09#9
20180901 090602.58;2;6.18;Faible;-0.4760826548;12186.4165197203;-61.66393115;16.04307363;-0.88671875;VOLCEMB;2018/09/01/ovsg2018retokg;manual;earthquake;WGS84;ABU;20180901T090602.58;2018-09#12
20180901 094841.28;1;6.24;Faible;;;-61.66907;16.04454;;VOLCTECT;2018/09/01/ovsg2018reuzdv;manual;earthquake;WGS84;SM;20180901T094841.28;2018-09#13
20180901 123819.62;1;4.5;Faible;-0.3373986166;19674.4261991093;-61.6624236;16.04369848;-0.7109375;VOLCTECT;2018/09/01/ovsg2018rfapil;manual;earthquake;WGS84;SM;20180901T123819.62;2018-09#15
20180901 124640.50;1;3.96;Faible;;;-61.66907;16.04454;;VOLCTECT;2018/09/01/ovsg2018rfawnn;manual;earthquake;WGS84;SM;20180901T124640.50;2018-09#16
20180901 150044.40;1;1.62;Faible;;;-61.66907;16.04454;;VOLCTECT;2018/09/01/ovsg2018rffibg;manual;earthquake;WGS84;SM;20180901T150044.40;2018-09#17
20180901 150816.98;1;3.36;Faible;;;-61.66907;16.04454;;VOLCTECT;2018/09/01/ovsg2018rffooa;manual;earthquake;WGS84;SM;20180901T150816.98;2018-09#18
20180901 171349.98;1;5.04;Faible;;;-61.66342;16.05245;;VOLCTECT;2018/09/01/ovsg2018rfjssy;manual;earthquake;WGS84;SM;20180901T171349.98;2018-09#20
20180901 175047.64;1;2.52;Faible;-0.25118863;26498.241569905;-61.66393115;16.04432334;-0.53515625;VOLCTECT;2018/09/01/ovsg2018rfkype;manual;earthquake;WGS84;ABU;20180901T175047.64;2018-09#22
20180901 182830.18;1;4.14;Faible;;;-61.6305;16.0607;0;VOLCTECT;2018/09/01/ovsg2018rfmfbs;manual;not locatable;WGS84;ABU;20180901T182830.18;2018-09#26
20180901 184134.02;1;1.8;Faible;;;-61.66907;16.04454;;VOLCTECT;2018/09/01/ovsg2018rfmqiz;manual;earthquake;WGS84;ABU;20180901T184134.02;2018-09#27
20180901 194555.62;1;4.2;Faible;0.1595097359;109462.308730548;-61.6647926;16.04307363;-0.88671875;VOLCTECT;2018/09/01/ovsg2018rfotus;manual;earthquake;WGS84;SM;20180901T194555.62;2018-09#30
20180901 224100.00;3;8.94;Faible;;;-61.66907;16.04454;;VOLCEMB;2018/09/01/ovsg2018rfuork;manual;earthquake;WGS84;ABU;20180901T224100.00;2018-09#32
20180901 230045.30;2;5.64;Faible;;;-61.66168;16.0427;;VOLCEMB;2018/09/01/ovsg2018rfvfrx;manual;earthquake;WGS84;ABU;20180901T230045.30;2018-09#33
20180901 231329.64;1;5.1;Faible;;;-61.66907;16.04454;;VOLCEMB;2018/09/01/ovsg2018rfvqrf;manual;earthquake;WGS84;ABU;20180901T231329.64;2018-09#34
20180902 002632.28;3;4.98;Faible;;;-61.66907;16.04454;;VOLCEMB;2018/09/02/ovsg2018rfybpw;manual;earthquake;WGS84;ABU;20180902T002632.28;2018-09#39
20180902 010438.58;2;5.82;Faible;;;-61.66168;16.0427;;VOLCEMB;2018/09/02/ovsg2018rfzilm;manual;earthquake;WGS84;ABU;20180902T010438.58;2018-09#40
20180902 012611.76;2;4.26;Faible;;;-61.66907;16.04454;;VOLCEMB;2018/09/02/ovsg2018rgabai;manual;earthquake;WGS84;ABU;20180902T012611.76;2018-09#41
20180902 013333.48;1;3.06;Faible;;;-61.66907;16.04454;;VOLCTECT;2018/09/02/ovsg2018rgahjj;manual;earthquake;WGS84;SM;20180902T013333.48;2018-09#42
20180902 045827.36;2;4.68;Faible;;;-61.66907;16.04454;;VOLCEMB;2018/09/02/ovsg2018rghbyc;manual;earthquake;WGS84;ABU;20180902T045827.36;2018-09#50
20180902 052138.82;1;1.56;Faible;;;-61.66907;16.04454;;VOLCTECT;2018/09/02/ovsg2018rghvxn;manual;earthquake;WGS84;SM;20180902T052138.82;2018-09#51
20180902 055909.36;1;2.16;Faible;;;-61.66342;16.05245;;VOLCTECT;2018/09/02/ovsg2018rgjcgb;manual;earthquake;WGS84;ABU;20180902T055909.36;2018-09#52
20180902 060719.68;2;2.88;Faible;;;-61.66342;16.05245;;VOLCEMB;2018/09/02/ovsg2018rgjjhb;manual;earthquake;WGS84;ABU;20180902T060719.68;2018-09#53
20180902 062118.12;1;4.44;Faible;;;-61.66907;16.04454;;VOLCTECT;2018/09/02/ovsg2018rgjvii;manual;earthquake;WGS84;ABU;20180902T062118.12;2018-09#54
20180902 071200.06;1;9.72;Faible;0.9038244161;1431319.6189535;-61.66091593;16.05098847;0.98828125;VOLCTECT;2018/09/02/ovsg2018rglmzw;manual;earthquake;WGS84;SM;20180902T071200.06;2018-09#44
20180902 072040.14;1;8.58;Faible;0.458252266;307169.71799287;-61.66737701;16.04557303;0.28515625;VOLCTECT;2018/09/02/ovsg2018rglump;manual;earthquake;WGS84;SM;20180902T072040.14;2018-09#45
20180902 072830.66;1;9.78;Faible;0.4546261818;303346.698552893;-61.66177743;16.05015534;0.98828125;VOLCTECT;2018/09/02/ovsg2018rgmbfy;manual;earthquake;WGS84;SM;20180902T072830.66;2018-09#46
20180902 083414.04;1;4.02;Faible;;;-61.66907;16.04454;;VOLCTECT;2018/09/02/ovsg2018rgofwr;manual;earthquake;WGS84;SM;20180902T083414.04;2018-09#55
20180902 092412.96;1;5.4;Faible;-0.2230362089;29204.2250608762;-61.66350042;16.04307363;-0.88671875;VOLCTECT;2018/09/02/ovsg2018rgpwye;manual;earthquake;WGS84;SM;20180902T092412.96;2018-09#56
20180902 095422.86;1;5.94;Faible;-0.6763143735;6102.79019423825;-61.66436188;16.0434902;-0.65234375;VOLCTECT;2018/09/02/ovsg2018rgqwyb;manual;earthquake;WGS84;SM;20180902T095422.86;2018-09#57
20180902 145356.70;1;4.68;Moyenne;-0.0720030924;49203.4280347808;-61.66177751;16.04307362;-0.53515625;VOLCTECT;2018/09/02/ovsg2018rhavcn;manual;earthquake;WGS84;SM;20180902T145356.70;2018-09#59
20180902 150443.08;1;4.92;Faible;-0.3938991935;16186.4350802274;-61.66414651;16.04369849;-0.7109375;VOLCTECT;2018/09/02/ovsg2018rhbejt;manual;earthquake;WGS84;ABU;20180902T150443.08;2018-09#60
20180902 162645.42;2;4.86;Faible;;;-61.66907;16.04454;;VOLCEMB;2018/09/02/ovsg2018rhdxbh;manual;earthquake;WGS84;ABU;20180902T162645.42;2018-09#66
20180902 170023.40;1;4.56;Faible;;;-61.66342;16.05245;;VOLCTECT;2018/09/02/ovsg2018rhfaaw;manual;earthquake;WGS84;SM;20180902T170023.40;2018-09#68
20180902 171109.24;3;6.36;Faible;;;-61.66168;16.0427;;VOLCEMB;2018/09/02/ovsg2018rhfjic;manual;earthquake;WGS84;ABU;20180902T171109.24;2018-09#69
20180902 172128.68;2;6.54;Faible;;;-61.66342;16.05245;;VOLCEMB;2018/09/02/ovsg2018rhfsff;manual;earthquake;WGS84;ABU;20180902T172128.68;2018-09#70
20180902 174220.34;2;7.02;Faible;;;-61.66168;16.0427;;VOLCEMB;2018/09/02/ovsg2018rhgket;manual;earthquake;WGS84;ABU;20180902T174220.34;2018-09#72
20180902 175216.74;1;3.9;Faible;;;-61.66907;16.04454;;VOLCTECT;2018/09/02/ovsg2018rhgsth;manual;earthquake;WGS84;SM;20180902T175216.74;2018-09#73
20180902 180248.66;2;5.82;Faible;;;-61.66168;16.0427;;VOLCEMB;2018/09/02/ovsg2018rhhbvh;manual;earthquake;WGS84;ABU;20180902T180248.66;2018-09#74
20180902 190328.50;2;3.12;Faible;;;-61.71545;16.05804;;VOLCEMB;2018/09/02/ovsg2018rhjccn;manual;earthquake;WGS84;ABU;20180902T190328.50;2018-09#77
20180902 192429.10;1;4.38;Faible;;;-61.66168;16.0427;;VOLCTECT;2018/09/02/ovsg2018rhjufj;manual;earthquake;WGS84;SM;20180902T192429.10;2018-09#78
20180902 200151.90;1;3.96;Faible;-0.2317826;28335.1880998186;-61.66436188;16.0434902;-0.76953125;VOLCTECT;2018/09/02/ovsg2018rhlako;manual;earthquake;WGS84;SM;20180902T200151.90;2018-09#79
20180903 005937.98;1;3.12;Faible;;;-61.66168;16.0427;;VOLCTECT;2018/09/03/ovsg2018rhuwzz;manual;earthquake;WGS84;SM;20180903T005937.98;2018-09#84
20180903 010423.46;1;4.86;Faible;;;-61.66168;16.0427;;VOLCTECT;2018/09/03/ovsg2018rhvbct;manual;earthquake;WGS84;SM;20180903T010423.46;2018-09#85
20180903 010819.98;1;3.9;Faible;-0.09955380326;44737.251094267;-61.66522334;16.04390677;-0.41796875;VOLCTECT;2018/09/03/ovsg2018rhvemx;manual;earthquake;WGS84;SM;20180903T010819.98;2018-09#86
20180903 015045.24;1;4.26;Faible;-0.4414044983;13737.0428374874;-61.66479261;16.04390677;-0.41796875;VOLCTECT;2018/09/03/ovsg2018rhwpbp;manual;earthquake;WGS84;SM;20180903T015045.24;2018-09#87
20180903 021247.40;1;5.28;Faible;;;-61.66168;16.0427;;VOLCTECT;2018/09/03/ovsg2018rhxibg;manual;earthquake;WGS84;SM;20180903T021247.40;2018-09#88
20180903 023152.92;1;4.98;Faible;0.1050080015;90680.1024773853;-61.66393115;16.0434902;-0.65234375;VOLCTECT;2018/09/03/ovsg2018rhxymv;manual;earthquake;WGS84;SM;20180903T023152.92;2018-09#90
20180903 025424.54;1;4.56;Faible;;;-61.66907;16.04454;;VOLCTECT;2018/09/03/ovsg2018rhyrxr;automatic;;WGS84;SM;20180903T025424.54;2018-09#91
20180903 121720.10;1;1.8;Faible;;;-61.66907;16.04454;;VOLCTECT;2018/09/03/ovsg2018rirjab;manual;earthquake;WGS84;ABU;20180903T121720.10;2018-09#96
20180903 122017.16;1;2.04;Faible;;;-61.66907;16.04454;;VOLCTECT;2018/09/03/ovsg2018rirloe;manual;earthquake;WGS84;ABU;20180903T122017.16;2018-09#97
20180903 125105.16;1;1.26;Faible;;;-61.66907;16.04454;;VOLCTECT;2018/09/03/ovsg2018rismcf;manual;earthquake;WGS84;ABU;20180903T125105.16;2018-09#101
20180903 132724.84;1;1.8;Faible;;;-61.66907;16.04454;;VOLCTECT;2018/09/03/ovsg2018ritrjx;manual;earthquake;WGS84;ABU;20180903T132724.84;2018-09#103
20180903 145533.18;1;2.76;Faible;-0.1518800235;37340.4858795934;-61.66393115;16.04473992;-0.65234375;VOLCTECT;2018/09/03/ovsg2018riwpiw;manual;earthquake;WGS84;ABU;20180903T145533.18;2018-09#104
20180903 150120.04;1;2.1;Faible;-0.5554603551;9264.23295968802;-61.66393115;16.04432334;-0.65234375;VOLCTECT;2018/09/03/ovsg2018riwuil;manual;earthquake;WGS84;ABU;20180903T150120.04;2018-09#105
20180903 152519.32;1;1.56;Faible;-0.4319693046;14192.0797552565;-61.66393115;16.04432334;-0.65234375;VOLCTECT;2018/09/03/ovsg2018rixozu;manual;earthquake;WGS84;ABU;20180903T152519.32;2018-09#108
20180903 154309.36;1;2.28;Faible;-0.4581787939;12963.7846823204;-61.66350042;16.04390677;-0.76953125;VOLCTECT;2018/09/03/ovsg2018riyeif;manual;earthquake;WGS84;ABU;20180903T154309.36;2018-09#107
20180904 013432.10;1;1.74;Faible;-0.1840543325;33413.2331601892;-61.66393115;16.04473992;-0.41796875;VOLCTECT;2018/09/04/ovsg2018rjrtze;manual;earthquake;WGS84;VR;20180904T013432.10;2018-09#120
20180904 045831.14;1;2.16;Faible;-0.3826110167;16829.9751586605;-61.66393115;16.04432334;-0.53515625;VOLCTECT;2018/09/04/ovsg2018rjyntj;manual;earthquake;WGS84;VR;20180904T045831.14;2018-09#121
20180904 051929.46;1;3.12;Faible;-0.06930463347;49664.1549009352;-61.66393115;16.04265706;-0.76953125;VOLCTECT;2018/09/04/ovsg2018rjzfvc;manual;earthquake;WGS84;ABU;20180904T051929.46;2018-09#122
20180904 065951.54;1;3.06;Faible;;;-61.66907;16.04454;;VOLCTECT;2018/09/04/ovsg2018rkcohu;manual;earthquake;WGS84;VR;20180904T065951.54;2018-09#123
20180904 070533.72;1;1.92;Faible;;;-61.66907;16.04454;;VOLCTECT;2018/09/04/ovsg2018rkctfn;manual;earthquake;WGS84;VR;20180904T070533.72;2018-09#124
20180904 073316.26;1;2.52;Faible;-0.3778031849;17111.7813640175;-61.66350042;16.04473992;-0.53515625;VOLCTECT;2018/09/04/ovsg2018rkdrcw;manual;earthquake;WGS84;VR;20180904T073316.26;2018-09#119
20180904 073914.70;1;1.92;Faible;;;-61.66907;16.04454;;VOLCTECT;2018/09/04/ovsg2018rkdwge;manual;earthquake;WGS84;VR;20180904T073914.70;2018-09#125
20180904 081022.68;1;2.52;Faible;-0.6783188937;6060.68426058317;-61.66393115;16.0434902;-0.76953125;VOLCTECT;2018/09/04/ovsg2018rkexbs;manual;earthquake;WGS84;VR;20180904T081022.68;2018-09#126
20180904 082443.74;1;2.34;Faible;;;-61.66907;16.04454;;VOLCTECT;2018/09/04/ovsg2018rkfjlf;manual;earthquake;WGS84;VR;20180904T082443.74;2018-09#127
20180904 083116.20;1;2.34;Faible;;;-61.66907;16.04454;;VOLCTECT;2018/09/04/ovsg2018rkfpbz;manual;earthquake;WGS84;VR;20180904T083116.20;2018-09#128
20180904 092958.68;1;3;Faible;;;-61.66168;16.0427;;VOLCTECT;2018/09/04/ovsg2018rkhnrd;manual;earthquake;WGS84;VR;20180904T092958.68;2018-09#129
20180904 105649.50;1;3.78;Faible;-0.1142288795;42526.2101264014;-61.66350042;16.04432334;-0.53515625;VOLCTECT;2018/09/04/ovsg2018rkkkmz;manual;earthquake;WGS84;VR;20180904T105649.50;2018-09#130
20180905 011851.90;1;2.52;Faible;;;-61.66907;16.04454;;VOLCTECT;2018/09/05/ovsg2018rlmzir;manual;earthquake;WGS84;VR;20180905T011851.90;2018-09#144
20180905 095326.40;1;2.28;Faible;-0.373741136;17353.5485837245;-61.66393115;16.04307363;-0.76953125;VOLCTECT;2018/09/05/ovsg2018rmeatu;manual;earthquake;WGS84;VR;20180905T095326.40;2018-09#147
20180905 101301.38;2;3.18;Faible;;;-61.66907;16.04454;;VOLCEMB;2018/09/05/ovsg2018rmerqo;manual;earthquake;WGS84;ABU;20180905T101301.38;2018-09#148
20180905 110700.18;1;1.8;Faible;;;-61.66168;16.0427;;VOLCTECT;2018/09/05/ovsg2018rmgmea;manual;earthquake;WGS84;VR;20180905T110700.18;2018-09#149
20180905 111346.74;1;1.92;Faible;-0.3699211316;17584.0254074836;-61.6660848;16.04390676;-0.41796875;VOLCTECT;2018/09/05/ovsg2018rmgrzq;manual;earthquake;WGS84;VR;20180905T111346.74;2018-09#150
20180905 114141.82;1;3.12;Faible;-0.1802295054;33857.5666371884;-61.66393115;16.04432334;-0.53515625;VOLCTECT;2018/09/05/ovsg2018rmhqbc;manual;earthquake;WGS84;VR;20180905T114141.82;2018-09#151
20180905 200308.70;1;2.58;Faible;-0.2496230729;26641.912072744;-61.66393115;16.0434902;-0.76953125;VOLCTECT;2018/09/05/ovsg2018rmygdz;manual;earthquake;WGS84;VR;20180905T200308.70;2018-09#162
20180905 205010.38;1;2.22;Faible;;;-61.66907;16.04454;;VOLCTECT;2018/09/05/ovsg2018rmzurt;manual;earthquake;WGS84;VR;20180905T205010.38;2018-09#164
20180906 042203.96;1;2.64;Faible;;;-61.66907;16.04454;;VOLCTECT;2018/09/06/ovsg2018rnoucc;manual;earthquake;WGS84;JP;20180906T042203.96;2018-09#169
20180906 042340.50;1;2.28;Faible;;;-61.66168;16.0427;;VOLCTECT;2018/09/06/ovsg2018rnovmi;manual;earthquake;WGS84;JP;20180906T042340.50;2018-09#170
20180906 140031.56;1;1.74;Faible;-0.006245130183;61749.337820412;-61.66393115;16.0434902;-0.65234375;VOLCTECT;2018/09/06/ovsg2018rohyon;manual;earthquake;WGS84;ABU;20180906T140031.56;2018-09#175
20180906 143819.32;1;1.74;Faible;;;-61.66907;16.04454;;VOLCTECT;2018/09/06/ovsg2018rojfdk;manual;earthquake;WGS84;ABU;20180906T143819.32;2018-09#176
20180906 145023.76;1;1.68;Faible;0.2203408265;135055.178033217;-61.66177748;16.04557305;-0.41796875;VOLCTECT;2018/09/06/ovsg2018rojpnt;manual;earthquake;WGS84;ABU;20180906T145023.76;2018-09#177
20180906 145956.04;1;2.16;Faible;;;-61.66907;16.04454;;VOLCTECT;2018/09/06/ovsg2018rojxts;manual;earthquake;WGS84;ABU;20180906T145956.04;2018-09#178
20180906 155354.48;1;1.8;Faible;;;-61.66907;16.04454;;VOLCTECT;2018/09/06/ovsg2018rolsgv;manual;earthquake;WGS84;ABU;20180906T155354.48;2018-09#180
20180906 163809.06;1;3;Faible;;;-61.7043;16.0088;3;VOLCTECT;2018/09/06/ovsg2018ronejn;manual;not locatable;WGS84;ABU;20180906T163809.06;2018-09#183
20180906 171627.90;1;2.16;Faible;-0.1737541055;34623.3305309711;-61.66436188;16.04307363;-0.76953125;VOLCTECT;2018/09/06/ovsg2018roolkj;manual;earthquake;WGS84;ABU;20180906T171627.90;2018-09#184
20180906 172751.54;1;2.52;Faible;;;-61.66907;16.04454;;VOLCTECT;2018/09/06/ovsg2018roovfu;manual;earthquake;WGS84;ABU;20180906T172751.54;2018-09#185
20180906 173630.36;1;1.5;Faible;;;-61.66907;16.04454;;VOLCTECT;2018/09/06/ovsg2018ropcro;manual;earthquake;WGS84;ABU;20180906T173630.36;2018-09#186
20180906 204041.22;1;3.36;Faible;;;-61.66907;16.04454;;VOLCTECT;2018/09/06/ovsg2018rovfke;manual;earthquake;WGS84;VR;20180906T204041.22;2018-09#189
20180906 205134.80;1;2.88;Faible;;;-61.6354;15.855;;VOLCTECT;2018/09/06/ovsg2018rovotz;automatic;;WGS84;VR;20180906T205134.80;2018-09#190
20180906 220942.36;1;2.94;Faible;;;-61.66907;16.04454;;VOLCTECT;2018/09/06/ovsg2018royeco;manual;earthquake;WGS84;VR;20180906T220942.36;2018-09#192
20180907 052332.76;1;2.7;Faible;;;-61.66907;16.04454;;VOLCTECT;2018/09/07/ovsg2018rpmnym;manual;earthquake;WGS84;VR;20180907T052332.76;2018-09#198
20180907 064050.64;1;2.46;Faible;;;-61.66907;16.04454;;VOLCTECT;2018/09/07/ovsg2018rppcok;manual;earthquake;WGS84;VR;20180907T064050.64;2018-09#199
20180907 100315.96;1;2.64;Faible;;;-61.66907;16.04454;;VOLCTECT;2018/09/07/ovsg2018rpvuzm;manual;earthquake;WGS84;VR;20180907T100315.96;2018-09#200
20180907 105313.68;1;1.86;Faible;;;-61.66907;16.04454;;VOLCTECT;2018/09/07/ovsg2018rpxmaz;manual;earthquake;WGS84;VR;20180907T105313.68;2018-09#201
20180907 174121.18;2;2.94;Faible;;;-61.66907;16.04454;;VOLCEMB;2018/09/07/ovsg2018rqkztm;manual;earthquake;WGS84;ABU;20180907T174121.18;2018-09#206
20180907 185337.98;1;1.68;Faible;-0.2845569162;23613.731767232;-61.66393115;16.04473992;-0.65234375;VOLCTECT;2018/09/07/ovsg2018rqnkag;manual;earthquake;WGS84;ABU;20180907T185337.98;2018-09#209
20180907 205024.84;1;1.74;Faible;;;-61.66907;16.04454;;VOLCTECT;2018/09/07/ovsg2018rqrgqt;manual;earthquake;WGS84;VR;20180907T205024.84;2018-09#212
20180907 214938.94;1;2.16;Faible;-0.3160468306;21180.1852405534;-61.66393115;16.0434902;-0.76953125;VOLCTECT;2018/09/07/ovsg2018rqtfsp;manual;earthquake;WGS84;VR;20180907T214938.94;2018-09#211
20180907 222413.14;1;2.76;Faible;;;-61.66907;16.04454;;VOLCTECT;2018/09/07/ovsg2018rqujmr;manual;earthquake;WGS84;VR;20180907T222413.14;2018-09#213
20180907 222951.96;1;2.64;Faible;;;-61.66907;16.04454;;VOLCTECT;2018/09/07/ovsg2018rquoix;manual;earthquake;WGS84;VR;20180907T222951.96;2018-09#214
20180908 022455.08;1;3.96;Faible;;;-61.7075;16.0715;0;VOLCTECT;2018/09/08/ovsg2018rrciwt;manual;not locatable;WGS84;ABU;20180908T022455.08;2018-09#217
20180908 030525.86;3;6.78;Faible;;;-61.66907;16.04454;;VOLCEMB;2018/09/08/ovsg2018rrdrwk;manual;earthquake;WGS84;ABU;20180908T030525.86;2018-09#222
20180908 074039.06;1;2.46;Faible;-0.1024450804;44292.7228993516;-61.66350042;16.04473992;-0.53515625;VOLCTECT;2018/09/08/ovsg2018rrmuzl;manual;earthquake;WGS84;VR;20180908T074039.06;2018-09#225
20180908 075130.72;1;4.44;Faible;0.1968506227;124530.557985268;-61.66306969;16.04432334;-0.65234375;VOLCTECT;2018/09/08/ovsg2018rrnejh;manual;earthquake;WGS84;ABU;20180908T075130.72;2018-09#221
20180908 080852.02;1;2.7;Faible;0.07069373944;80545.3752473981;-61.66306969;16.04390677;-0.41796875;VOLCTECT;2018/09/08/ovsg2018rrnthq;manual;earthquake;WGS84;VR;20180908T080852.02;2018-09#226
20180908 081731.44;1;1.92;Faible;;;-61.66907;16.04454;;VOLCTECT;2018/09/08/ovsg2018rroatl;manual;earthquake;WGS84;VR;20180908T081731.44;2018-09#228
20180908 082207.50;1;2.1;Faible;0.2060908056;128568.982945852;-61.66328505;16.04369849;-0.4765625;VOLCTECT;2018/09/08/ovsg2018rroesn;manual;earthquake;WGS84;VR;20180908T082207.50;2018-09#227
20180908 083256.88;1;2.52;Faible;0.04821635045;74528.8681343637;-61.66350042;16.04473992;-0.65234375;VOLCTECT;2018/09/08/ovsg2018rrooav;manual;earthquake;WGS84;VR;20180908T083256.88;2018-09#229
20180908 085041.40;1;1.56;Faible;-0.01382153837;60154.4405962486;-61.66393115;16.04473992;-0.53515625;VOLCTECT;2018/09/08/ovsg2018rrpdin;manual;earthquake;WGS84;VR;20180908T085041.40;2018-09#230
20180908 091156.34;1;2.46;Faible;-0.08475298747;47083.6929444068;-61.66306969;16.04432334;-0.53515625;VOLCTECT;2018/09/08/ovsg2018rrpvqq;manual;earthquake;WGS84;VR;20180908T091156.34;2018-09#231
20180908 091721.48;1;2.76;Faible;-0.4121698121;15196.5597455242;-61.66393115;16.04432334;-0.65234375;VOLCTECT;2018/09/08/ovsg2018rrqahz;manual;earthquake;WGS84;VR;20180908T091721.48;2018-09#232
20180908 092105.52;1;2.34;Faible;-0.08385361428;47230.1775912293;-61.66522334;16.04515648;-0.41796875;VOLCTECT;2018/09/08/ovsg2018rrqdnq;manual;earthquake;WGS84;VR;20180908T092105.52;2018-09#233
20180908 115124.72;1;2.58;Faible;-0.2616662674;25556.454253433;-61.66306969;16.04432334;-0.65234375;VOLCTECT;2018/09/08/ovsg2018rrvdbl;manual;earthquake;WGS84;VR;20180908T115124.72;2018-09#234
20180908 124109.48;1;2.94;Faible;;;-61.7612;15.9735;0;VOLCTECT;2018/09/08/ovsg2018rrwtwt;manual;not locatable;WGS84;VR;20180908T124109.48;2018-09#223
20180908 130855.14;1;2.16;Faible;-0.209669982;30584.0522525908;-61.66350042;16.04473992;-0.53515625;VOLCTECT;2018/09/08/ovsg2018rrxrwe;manual;earthquake;WGS84;VR;20180908T130855.14;2018-09#237
20180908 131404.20;1;1.98;Faible;-0.5988017449;7976.22474715686;-61.66393115;16.04557306;-0.53515625;VOLCTECT;2018/09/08/ovsg2018rrxwho;manual;earthquake;WGS84;VR;20180908T131404.20;2018-09#238
20180908 200555.62;3;4.02;Faible;;;-61.703;15.979;0;VOLCEMB;2018/09/08/ovsg2018rslnft;manual;not locatable;WGS84;ABU;20180908T200555.62;2018-09#244
20180909 001851.00;1;2.4;Faible;-0.2701188027;24821.1441033053;-61.66328505;16.04369849;-0.7109375;VOLCTECT;2018/09/09/ovsg2018rstxdx;manual;earthquake;WGS84;VR;20180909T001851.00;2018-09#248
20180909 033202.40;1;2.64;Faible;-0.4457803316;13530.9878041041;-61.66393115;16.04473992;-0.65234375;VOLCTECT;2018/09/09/ovsg2018rtahqd;manual;earthquake;WGS84;VR;20180909T033202.40;2018-09#255
20180909 035810.26;1;2.58;Faible;-0.1374639524;39246.7836622083;-61.66350042;16.04473992;-0.53515625;VOLCTECT;2018/09/09/ovsg2018rtbedq;manual;earthquake;WGS84;VR;20180909T035810.26;2018-09#256
20180909 042414.76;1;1.62;Faible;-0.5071344447;10947.0810354873;-61.66350042;16.04390677;-0.65234375;VOLCTECT;2018/09/09/ovsg2018rtcapr;manual;earthquake;WGS84;VR;20180909T042414.76;2018-09#257
20180909 043838.34;1;2.28;Faible;;;-61.66907;16.04454;;VOLCTECT;2018/09/09/ovsg2018rtcnah;manual;earthquake;WGS84;VR;20180909T043838.34;2018-09#258
20180909 050049.62;1;2.82;Faible;;;-61.66907;16.04454;;VOLCTECT;2018/09/09/ovsg2018rtdgdh;manual;earthquake;WGS84;VR;20180909T050049.62;2018-09#259
20180909 052701.68;1;3.18;Faible;-0.4235536662;14610.6487687371;-61.6624236;16.04369848;-0.9453125;VOLCTECT;2018/09/09/ovsg2018rtecsa;manual;earthquake;WGS84;VR;20180909T052701.68;2018-09#250
20180909 053841.70;1;2.64;Faible;;;-61.66907;16.04454;;VOLCTECT;2018/09/09/ovsg2018rtemts;manual;earthquake;WGS84;VR;20180909T053841.70;2018-09#260
20180909 071437.80;1;2.64;Faible;-0.4555621692;13081.4759227148;-61.66306969;16.04432334;-0.65234375;VOLCTECT;2018/09/09/ovsg2018rthrlb;manual;earthquake;WGS84;VR;20180909T071437.80;2018-09#261
20180909 075252.68;1;3.06;Faible;-0.1787368575;34032.5674358958;-61.66350042;16.04432334;-0.41796875;VOLCTECT;2018/09/09/ovsg2018rtiykb;manual;earthquake;WGS84;VR;20180909T075252.68;2018-09#262
20180909 075916.74;1;2.52;Faible;;;-61.66907;16.04454;;VOLCTECT;2018/09/09/ovsg2018rtjdxl;manual;earthquake;WGS84;VR;20180909T075916.74;2018-09#263
20180909 083257.72;1;2.22;Faible;;;-61.66907;16.04454;;VOLCTECT;2018/09/09/ovsg2018rtkgyc;manual;earthquake;WGS84;VR;20180909T083257.72;2018-09#264
20180909 084159.04;2;2.22;Faible;;;-61.66907;16.04454;;VOLCEMB;2018/09/09/ovsg2018rtkosm;manual;earthquake;WGS84;ABU;20180909T084159.04;2018-09#265
20180909 084428.56;1;2.34;Faible;-0.4258831714;14493.5656788424;-61.66436188;16.04307363;-0.65234375;VOLCTECT;2018/09/09/ovsg2018rtkqwd;manual;earthquake;WGS84;VR;20180909T084428.56;2018-09#266
20180909 085430.90;1;1.56;Faible;-0.2756786052;24349.0539642477;-61.66220823;16.04390677;-0.88671875;VOLCTECT;2018/09/09/ovsg2018rtkzmy;manual;earthquake;WGS84;VR;20180909T085430.90;2018-09#267
20180909 090401.14;1;2.7;Faible;-0.05604088626;51992.2569891135;-61.66306969;16.04432334;-0.65234375;VOLCTECT;2018/09/09/ovsg2018rtlhsd;manual;earthquake;WGS84;VR;20180909T090401.14;2018-09#268
20180909 091014.34;1;2.4;Faible;;;-61.66907;16.04454;;VOLCTECT;2018/09/09/ovsg2018rtlnbl;manual;earthquake;WGS84;VR;20180909T091014.34;2018-09#269
20180909 091649.02;2;2.34;Faible;;;-61.6982;16.0348;0;VOLCEMB;2018/09/09/ovsg2018rtlssl;manual;not locatable;WGS84;ABU;20180909T091649.02;2018-09#251
20180909 092848.72;1;2.46;Faible;;;-61.66907;16.04454;;VOLCTECT;2018/09/09/ovsg2018rtmdbk;manual;earthquake;WGS84;VR;20180909T092848.72;2018-09#270
20180909 093656.88;1;2.1;Faible;;;-61.66907;16.04454;;VOLCTECT;2018/09/09/ovsg2018rtmkbq;manual;earthquake;WGS84;VR;20180909T093656.88;2018-09#271
20180909 100828.38;1;2.04;Faible;;;-61.66907;16.04454;;VOLCTECT;2018/09/09/ovsg2018rtnlgd;manual;earthquake;WGS84;VR;20180909T100828.38;2018-09#272
20180909 102325.68;1;2.7;Faible;;;-61.66907;16.04454;;VOLCTECT;2018/09/09/ovsg2018rtnydc;manual;earthquake;WGS84;VR;20180909T102325.68;2018-09#273
20180909 103141.58;1;3.12;Faible;-0.3141423196;21319.9666301187;-61.66306969;16.04390677;-0.65234375;VOLCTECT;2018/09/09/ovsg2018rtofgi;manual;earthquake;WGS84;VR;20180909T103141.58;2018-09#252
20180909 105241.94;1;2.46;Faible;;;-61.654;16.0417;0.91;VOLCTECT;2018/09/09/ovsg2018rtoxiw;manual;not locatable;WGS84;VR;20180909T105241.94;2018-09#253
20180909 105529.10;1;2.04;Moyenne;0.300664554;178236.576166989;-61.66350042;16.04432334;-0.65234375;VOLCTECT;2018/09/09/ovsg2018rtoztn;manual;earthquake;WGS84;VR;20180909T105529.10;2018-09#274
20180909 110611.64;1;1.98;Faible;-0.2829411796;23745.8779134372;-61.66306968;16.04473991;-0.53515625;VOLCTECT;2018/09/09/ovsg2018rtpizg;manual;earthquake;WGS84;VR;20180909T110611.64;2018-09#275
20180909 111223.52;1;2.28;Faible;-0.1065360383;43671.2821441461;-61.66220823;16.04349019;-0.41796875;VOLCTECT;2018/09/09/ovsg2018rtpoie;manual;earthquake;WGS84;VR;20180909T111223.52;2018-09#276
20180909 112514.64;1;3;Faible;0.02266459468;68233.3811078415;-61.66220823;16.04390677;-0.76953125;VOLCTECT;2018/09/09/ovsg2018rtpzkb;manual;earthquake;WGS84;VR;20180909T112514.64;2018-09#254
20180909 112758.20;1;2.58;Faible;-0.2255720943;28949.552748372;-61.66350042;16.04432334;-0.41796875;VOLCTECT;2018/09/09/ovsg2018rtqbti;manual;earthquake;WGS84;VR;20180909T112758.20;2018-09#277
20180909 114100.84;1;2.22;Faible;-0.0277394351;57331.1756121466;-61.66306969;16.0434902;-0.65234375;VOLCTECT;2018/09/09/ovsg2018rtqmzi;manual;earthquake;WGS84;VR;20180909T114100.84;2018-09#278
20180909 115143.14;2;3.3;Faible;;;-61.66907;16.04454;;VOLCEMB;2018/09/09/ovsg2018rtqwfl;manual;earthquake;WGS84;ABU;20180909T115143.14;2018-09#282
20180909 115305.34;1;2.28;Faible;0.09416639932;87347.3229217981;-61.66306968;16.04515649;-0.41796875;VOLCTECT;2018/09/09/ovsg2018rtqxjo;manual;earthquake;WGS84;VR;20180909T115305.34;2018-09#280
20180909 121930.36;1;2.1;Faible;;;-61.66907;16.04454;;VOLCTECT;2018/09/09/ovsg2018rtrudx;manual;earthquake;WGS84;VR;20180909T121930.36;2018-09#283
20180909 123340.98;1;3;Faible;0.2342063994;141680.342841657;-61.66070067;16.04453161;-0.7109375;VOLCTECT;2018/09/09/ovsg2018rtsgjq;manual;earthquake;WGS84;VR;20180909T123340.98;2018-09#281
20180909 133226.28;1;1.98;Faible;;;-61.66907;16.04454;;VOLCTECT;2018/09/09/ovsg2018rtuezy;manual;earthquake;WGS84;VR;20180909T133226.28;2018-09#288
20180909 140337.14;1;2.52;Faible;;;-61.755;16.0893;3;VOLCTECT;2018/09/09/ovsg2018rtvfvp;manual;not locatable;WGS84;VR;20180909T140337.14;2018-09#285
20180909 140420.64;1;2.04;Faible;;;-61.66907;16.04454;;VOLCTECT;2018/09/09/ovsg2018rtvgmr;manual;earthquake;WGS84;VR;20180909T140420.64;2018-09#289
20180909 142614.82;1;3.72;Faible;0.2331753292;141176.689512779;-61.66306968;16.04473991;-1.12109375;VOLCTECT;2018/09/09/ovsg2018rtvzkc;manual;earthquake;WGS84;VR;20180909T142614.82;2018-09#286
20180909 143157.36;1;2.58;Faible;;;-61.66907;16.04454;;VOLCTECT;2018/09/09/ovsg2018rtwehk;manual;earthquake;WGS84;VR;20180909T143157.36;2018-09#290
20180909 143608.28;1;3.36;Faible;;;-61.703;15.979;0;VOLCTECT;2018/09/09/ovsg2018rtwhxn;manual;not locatable;WGS84;VR;20180909T143608.28;2018-09#287
20180909 153415.48;1;3.54;Faible;0.02649465238;69142.0064938439;-61.6624236;16.04369848;-0.7109375;VOLCTECT;2018/09/09/ovsg2018rtyfzd;manual;earthquake;WGS84;VR;20180909T153415.48;2018-09#292
20180909 200347.88;1;2.28;Faible;-0.2236305688;29144.3347673357;-61.66263896;16.0434902;-0.88671875;VOLCTECT;2018/09/09/ovsg2018ruhegb;manual;earthquake;WGS84;VR;20180909T200347.88;2018-09#297
20180909 230547.94;2;3.24;Faible;;;-61.66907;16.04454;;VOLCEMB;2018/09/09/ovsg2018runfcc;automatic;;WGS84;ABU;20180909T230547.94;2018-09#302
20180910 000336.96;2;3.3;Faible;;;-61.5817;16.1075;0;VOLCEMB;2018/09/10/ovsg2018rupcwj;manual;not locatable;WGS84;ABU;20180910T000336.96;2018-09#306
20180910 000538.22;1;3.24;Faible;0.1379156452;101595.265076592;-61.66306968;16.04473991;-0.53515625;VOLCTECT;2018/09/10/ovsg2018rupeqr;manual;earthquake;WGS84;VR;20180910T000538.22;2018-09#308
20180910 001238.94;3;4.38;Faible;;;-61.66907;16.04454;;VOLCEMB;2018/10/25/ovsg2018rupkrm;manual;earthquake;WGS84;ABU;20180910T001238.94;2018-09#309
20180910 001312.06;1;2.1;Faible;-0.2433674802;27223.8021407329;-61.6617775;16.04349019;-0.30078125;VOLCTECT;2018/09/10/ovsg2018rupldv;manual;earthquake;WGS84;VR;20180910T001312.06;2018-09#307
20180910 011309.72;1;2.46;Faible;;;-61.66907;16.04454;;VOLCTECT;2018/09/10/ovsg2018rurkvj;manual;earthquake;WGS84;CL;20180910T011309.72;2018-09#321
20180910 030709.06;1;2.34;Faible;-0.06455662797;50485.313568684;-61.66436188;16.0434902;-0.76953125;VOLCTECT;2018/09/10/ovsg2018ruvfbn;manual;earthquake;WGS84;CL;20180910T030709.06;2018-09#325
20180910 050851.42;1;2.58;Faible;-0.07869385167;48079.420279563;-61.66350042;16.04432334;-0.65234375;VOLCTECT;2018/09/10/ovsg2018ruzfye;manual;earthquake;WGS84;CL;20180910T050851.42;2018-09#327
20180910 055702.58;1;3.42;Faible;0.04092260518;72674.8104584161;-61.66414651;16.04453163;-0.4765625;VOLCTECT;2018/09/10/ovsg2018rvavlm;manual;earthquake;WGS84;CL;20180910T055702.58;2018-09#317
20180910 062214.76;1;2.94;Faible;-0.1071041568;43585.6738579741;-61.66220824;16.04265705;-1.00390625;VOLCTECT;2018/09/10/ovsg2018rvbreh;manual;earthquake;WGS84;CL;20180910T062214.76;2018-09#318
20180910 080456.52;1;3.18;Faible;-0.2450062209;27070.1503975576;-61.66350042;16.04432334;-0.65234375;VOLCTECT;2018/09/10/ovsg2018rvfbrh;manual;earthquake;WGS84;CL;20180910T080456.52;2018-09#328
20180910 081208.46;1;2.7;Faible;-0.2679466508;25008.0612180464;-61.66220823;16.04349019;-0.65234375;VOLCTECT;2018/09/10/ovsg2018rvfhwp;manual;earthquake;WGS84;CL;20180910T081208.46;2018-09#329
20180910 092529.88;1;2.94;Faible;0.1176866317;94739.2511390926;-61.66306968;16.04473991;-0.53515625;VOLCTECT;2018/09/10/ovsg2018rvhtbz;manual;earthquake;WGS84;CL;20180910T092529.88;2018-09#330
20180910 093438.10;1;1.68;Faible;;;-61.66907;16.04454;;VOLCTECT;2018/09/10/ovsg2018rviayz;manual;earthquake;WGS84;CL;20180910T093438.10;2018-09#331
20180910 131357.60;3;11.76;Faible;;;-61.66907;16.04454;;VOLCEMB;2018/09/10/ovsg2018rvphys;manual;earthquake;WGS84;ABU;20180910T131357.60;2018-09#335
20180910 134612.72;1;3;Faible;;;-61.66907;16.04454;;VOLCTECT;2018/09/10/ovsg2018rvqjth;manual;earthquake;WGS84;ABU;20180910T134612.72;2018-09#337
20180910 151639.12;2;4.92;Faible;;;-61.66907;16.04454;;VOLCEMB;2018/09/10/ovsg2018rvtjru;manual;earthquake;WGS84;ABU;20180910T151639.12;2018-09#338
20180910 181234.32;2;3.6;Faible;-0.01736428656;59422.862703486;-61.66436188;16.04473992;-0.65234375;VOLCEMB;2018/09/10/ovsg2018rvzfhe;manual;earthquake;WGS84;ABU;20180910T181234.32;2018-09#342
20180910 201229.04;2;3.3;Faible;;;-61.66907;16.04454;;VOLCEMB;2018/09/11/ovsg2018rwdepw;manual;earthquake;WGS84;ABU;20180910T201229.04;2018-09#349
20180910 210510.98;4;5.16;Faible;;;-61.65724;16.04001;;VOLCEMB;2018/09/11/ovsg2018rweyaz;manual;earthquake;WGS84;ABU;20180910T210510.98;2018-09#350
20180911 043717.88;1;2.28;Faible;-0.04692447344;53655.3818345309;-61.66263896;16.0434902;-0.65234375;VOLCTECT;2018/09/11/ovsg2018rwtxpu;manual;earthquake;WGS84;CL;20180911T043717.88;2018-09#357
20180911 073107.74;1;3.12;Faible;-0.0273623882;57405.8851389078;-61.66393115;16.04473992;-0.65234375;VOLCTECT;2018/09/11/ovsg2018rwzrkn;manual;earthquake;WGS84;CL;20180911T073107.74;2018-09#358
20180911 204324.18;1;4.86;Faible;;;-61.67943732;16.0426565;-1.94140625;VOLCTECT;2018/09/11/ovsg2018rxzycq;manual;not locatable;WGS84;DJ;20180911T204324.18;2018-09#369
20180911 224810.92;1;2.4;Faible;;;-61.611075;16.066958;;VOLCTECT;2018/09/12/ovsg2018ryebqv;manual;earthquake;WGS84;DJ;20180911T224810.92;2018-09#374
20180911 231239.12;1;1.26;Faible;;;-61.66907;16.04454;;VOLCTECT;2018/09/12/ovsg2018ryewtj;automatic;;WGS84;DJ;20180911T231239.12;2018-09#376
20180912 204609.66;1;1.14;Faible;;;-61.66907;16.04454;;VOLCTECT;2018/09/12/ovsg2018rzvtjy;manual;earthquake;WGS84;DJ;20180912T204609.66;2018-09#401
20180915 040403.54;1;1.26;Faible;-0.4008363236;15803.2173999603;-61.66350042;16.04307363;-0.88671875;VOLCTECT;2018/09/15/ovsg2018sebsmt;manual;earthquake;WGS84;DJ;20180915T040403.54;2018-09#448
20180915 061403.96;1;1.26;Faible;-0.3393031406;19545.4326884213;-61.66393115;16.0434902;-0.76953125;VOLCTECT;2018/09/15/ovsg2018segaod;manual;earthquake;WGS84;DJ;20180915T061403.96;2018-09#446
20180915 063509.06;1;2.46;Faible;;;-61.6658;16.0533;0;VOLCTECT;2018/09/15/ovsg2018segsrv;manual;not locatable;WGS84;DJ;20180915T063509.06;2018-09#447
20180916 005936.18;1;2.88;Faible;-0.2087603049;30680.2958113218;-61.66350042;16.04473992;-0.65234375;VOLCTECT;2018/09/16/ovsg2018sfrilb;manual;earthquake;WGS84;DJ;20180916T005936.18;2018-09#457
20180916 013930.84;1;2.16;Faible;-0.071766917;49243.5806754553;-61.66393115;16.04432334;-0.65234375;VOLCTECT;2018/09/16/ovsg2018sfsqva;manual;earthquake;WGS84;DJ;20180916T013930.84;2018-09#459
20180917 062015.30;1;3.36;Faible;;;-61.66907;16.04454;;VOLCTECT;2018/09/17/ovsg2018shxrqb;manual;earthquake;WGS84;JP;20180917T062015.30;2018-09#473
20180917 132457.42;1;2.1;Faible;;;-61.66907;16.04454;;VOLCTECT;2018/09/17/ovsg2018siltpj;manual;earthquake;WGS84;ABU;20180917T132457.42;2018-09#475
20180918 002126.10;1;1.5;Faible;-0.3246893401;20557.2960289598;-61.66436188;16.0434902;-0.76953125;VOLCTECT;2018/09/18/ovsg2018sjhnhs;manual;earthquake;WGS84;ABU;20180918T002126.10;2018-09#486
20180918 115718.90;1;1.8;Faible;;;-61.66907;16.04454;;VOLCTECT;2018/09/18/ovsg2018skeoym;manual;earthquake;WGS84;ABU;20180918T115718.90;2018-09#494
20180918 202305.10;1;2.88;Faible;-0.1630081101;35932.5331447262;-61.66393115;16.04432334;-0.41796875;VOLCTECT;2018/09/18/ovsg2018skviul;manual;earthquake;WGS84;ABU;20180918T202305.10;2018-09#504
20180918 210820.04;1;1.92;Faible;-0.3985672519;15927.5553196478;-61.66436187;16.04265706;-0.53515625;VOLCTECT;2018/09/18/ovsg2018skwvug;manual;earthquake;WGS84;ABU;20180918T210820.04;2018-09#505
20180918 212857.36;1;2.28;Faible;-0.2122935864;30308.1634286273;-61.66393115;16.0434902;-0.41796875;VOLCTECT;2018/09/18/ovsg2018skxnoe;manual;earthquake;WGS84;ABU;20180918T212857.36;2018-09#506
20180919 023927.90;1;2.88;Faible;;;-61.66907;16.04454;;VOLCTECT;2018/09/19/ovsg2018slhvcv;manual;earthquake;WGS84;ABU;20180919T023927.90;2018-09#519
20180919 024629.40;1;3;Faible;;;-61.66907;16.04454;;VOLCTECT;2018/09/19/ovsg2018slibek;manual;earthquake;WGS84;ABU;20180919T024629.40;2018-09#520
20180919 033240.74;1;5.58;Faible;0.4503032343;298851.095005829;-61.66306968;16.04557306;-0.30078125;VOLCTECT;2018/09/19/ovsg2018sljoze;manual;earthquake;WGS84;ABU;20180919T033240.74;2018-09#516
20180919 052237.50;1;5.64;Faible;0.1823155919;118433.179278243;-61.66393115;16.04432334;-0.65234375;VOLCTECT;2018/09/19/ovsg2018slnfsy;manual;earthquake;WGS84;JP;20180919T052237.50;2018-09#517
20180919 093531.86;1;3.6;Faible;-0.1015218036;44434.1927488673;-61.66457724;16.04328191;-0.59375;VOLCTECT;2018/09/19/ovsg2018slvprm;manual;earthquake;WGS84;JP;20180919T093531.86;2018-09#518
20180919 230057.24;1;1.68;Faible;;;-61.66907;16.04454;;VOLCTECT;2018/09/20/ovsg2018smwhsh;manual;earthquake;WGS84;ABU;20180919T230057.24;2018-09#537
20180920 040448.36;1;3.18;Faible;;;-61.66907;16.04454;;VOLCTECT;2018/09/20/ovsg2018sngjnz;manual;earthquake;WGS84;ABU;20180920T040448.36;2018-09#543
20180920 043505.04;1;2.94;Faible;-0.4219654157;14691.0175128021;-61.67066667;16.04616667;-0.4;VOLCTECT;2018/09/20/ovsg2018snhjqm;manual;earthquake;WGS84;ABU;20180920T043505.04;2018-09#544
20180920 050916.38;1;2.34;Faible;;;-61.66168;16.0427;;VOLCTECT;2018/09/20/ovsg2018sninci;manual;earthquake;WGS84;ABU;20180920T050916.38;2018-09#545
20180920 094624.06;1;3.54;Faible;-0.1936441798;32324.6424907921;-61.66306969;16.04307363;-0.18359375;VOLCTECT;2018/09/20/ovsg2018snrrye;manual;earthquake;WGS84;ABU;20180920T094624.06;2018-09#541
20180920 104724.96;1;3.36;Faible;0.02513959386;68819.1637126234;-61.6667309;16.04453161;-0.4765625;VOLCTECT;2018/09/20/ovsg2018sntsoj;manual;earthquake;WGS84;ABU;20180920T104724.96;2018-09#542
20180920 123808.10;1;2.4;Faible;;;-61.66168;16.0427;;VOLCTECT;2018/09/20/ovsg2018snxjxc;manual;earthquake;WGS84;ABU;20180920T123808.10;2018-09#547
20180920 124111.82;1;2.52;Faible;;;-61.66414651;16.04369849;-0.7109375;VOLCTECT;2018/09/20/ovsg2018snxmnl;manual;earthquake;WGS84;ABU;20180920T124111.82;2018-09#548
20180920 131020.40;1;2.16;Faible;-0.4277700348;14399.4182915988;-61.66543871;16.04578134;-0.359375;VOLCTECT;2018/09/20/ovsg2018snylqn;manual;earthquake;WGS84;ABU;20180920T131020.40;2018-09#549
20180920 143445.72;1;2.76;Faible;;;-61.66907;16.04454;;VOLCTECT;2018/09/20/ovsg2018sobgjw;manual;earthquake;WGS84;ABU;20180920T143445.72;2018-09#553
20180920 145329.58;2;3.6;Faible;;;-61.66907;16.04454;;VOLCEMB;2018/09/20/ovsg2018sobwnp;manual;earthquake;WGS84;ABU;20180920T145329.58;2018-09#554
20180920 170200.66;1;3.12;Faible;;;-61.66907;16.04454;;VOLCTECT;2018/09/20/ovsg2018sogdgz;manual;earthquake;WGS84;ABU;20180920T170200.66;2018-09#556
20180920 190115.24;1;2.52;Faible;;;-61.66907;16.04454;;VOLCTECT;2018/09/20/ovsg2018sokcat;manual;earthquake;WGS84;ABU;20180920T190115.24;2018-09#559
20180920 192130.60;1;3.54;Faible;0.1616732447;110283.328963094;-61.66500797;16.04453163;-0.4765625;VOLCTECT;2018/09/20/ovsg2018soktne;manual;earthquake;WGS84;ABU;20180920T192130.60;2018-09#560
20180920 202504.02;4;11.1;Faible;;;-61.66907;16.04454;;VOLCEMB;2018/09/20/ovsg2018somwgq;manual;earthquake;WGS84;ABU;20180920T202504.02;2018-09#565
20180920 203139.84;1;4.08;Faible;-0.1327770043;39887.2865862732;-61.66393115;16.0434902;-0.88671875;VOLCTECT;2018/09/20/ovsg2018sonbyw;manual;earthquake;WGS84;ABU;20180920T203139.84;2018-09#566
20180920 205455.50;5;10.56;Faible;;;-61.66907;16.04454;;VOLCEMB;2018/09/20/ovsg2018sonvzk;manual;earthquake;WGS84;ABU;20180920T205455.50;2018-09#569
20180920 215253.76;1;6.78;Faible;0.5376473158;404083.366486733;-61.66436187;16.04224048;-0.41796875;VOLCTECT;2018/09/20/ovsg2018soptyx;manual;earthquake;WGS84;ABU;20180920T215253.76;2018-09#567
20180920 221327.54;1;2.7;Faible;;;-61.66907;16.04454;;VOLCTECT;2018/09/20/ovsg2018soqlqy;manual;earthquake;WGS84;ABU;20180920T221327.54;2018-09#570
20180920 222351.90;3;12.9;Faible;;;-61.66907;16.04454;;VOLCEMB;2018/09/20/ovsg2018soqupy;manual;earthquake;WGS84;ABU;20180920T222351.90;2018-09#571
20180920 222638.34;1;5.1;Faible;;;-61.703;15.979;0;VOLCTECT;2018/09/20/ovsg2018soqxea;manual;not locatable;WGS84;ABU;20180920T222638.34;2018-09#568
20180920 225419.44;1;3.48;Faible;;;-61.66907;16.04454;;VOLCEMB;2018/09/21/ovsg2018soruwo;manual;earthquake;WGS84;ABU;20180920T225419.44;2018-09#579
20180920 225525.68;3;6.9;Faible;-0.09606986479;45278.8306893113;-61.66436188;16.0434902;-0.65234375;VOLCEMB;2018/09/20/ovsg2018sorvxb;manual;earthquake;WGS84;ABU;20180920T225525.68;2018-09#574
20180920 230728.14;1;1.56;Faible;;;-61.66907;16.04454;;VOLCTECT;2018/09/21/ovsg2018sosgfe;manual;earthquake;WGS84;ABU;20180920T230728.14;2018-09#580
20180920 234031.32;4;7.98;Faible;;;-61.66907;16.04454;;VOLCEMB;2018/09/21/ovsg2018sotirq;manual;earthquake;WGS84;ABU;20180920T234031.32;2018-09#581
20180920 234658.98;1;4.8;Moyenne;-0.01890039425;59108.4279003351;-61.66220823;16.04390677;-0.65234375;VOLCTECT;2018/09/20/ovsg2018sotogj;manual;earthquake;WGS84;ABU;20180920T234658.98;2018-09#575
20180920 235923.76;1;2.34;Faible;-0.1772616552;34206.4115990782;-61.66393115;16.04432334;-0.53515625;VOLCTECT;2018/09/21/ovsg2018sotyzc;manual;earthquake;WGS84;ABU;20180920T235923.76;2018-09#576
20180920 235954.24;4;11.82;Moyenne;-0.04876438501;53315.4921492814;-61.66393115;16.04224048;-0.30078125;VOLCEMB;2018/09/21/ovsg2018sotzmc;manual;earthquake;WGS84;ABU;20180920T235954.24;2018-09#577
20180921 000323.76;3;7.5;Faible;-0.108539877;43370.0761308367;-61.66393115;16.04473992;-0.53515625;VOLCEMB;2018/09/21/ovsg2018soucmf;manual;earthquake;WGS84;ABU;20180921T000323.76;2018-09#578
20180921 001711.40;1;5.16;Faible;;;-61.66907;16.04454;;VOLCTECT;2018/09/21/ovsg2018souohd;manual;earthquake;WGS84;ABU;20180921T001711.40;2018-09#582
20180921 003834.32;1;2.52;Faible;;;-61.66907;16.04454;;VOLCTECT;2018/09/21/ovsg2018sovgsg;manual;earthquake;WGS84;ABU;20180921T003834.32;2018-09#584
20180921 005242.90;1;1.8;Faible;-0.1321527571;39973.3792834367;-61.66263897;16.04182391;-1.23828125;VOLCTECT;2018/09/21/ovsg2018sovswx;manual;earthquake;WGS84;ABU;20180921T005242.90;2018-09#586
20180921 010034.02;1;1.62;Faible;;;-61.66907;16.04454;;VOLCTECT;2018/09/21/ovsg2018sovzrd;manual;earthquake;WGS84;ABU;20180921T010034.02;2018-09#587
20180921 010452.98;1;1.86;Faible;;;-61.66907;16.04454;;VOLCTECT;2018/09/21/ovsg2018sowdjm;manual;earthquake;WGS84;ABU;20180921T010452.98;2018-09#588
20180921 012244.82;1;2.88;Faible;-0.1449971056;38238.8076335681;-61.66522334;16.04515648;-0.41796875;VOLCTECT;2018/09/21/ovsg2018sowsun;manual;earthquake;WGS84;ABU;20180921T012244.82;2018-09#585
20180921 014555.62;2;9.66;Faible;;;-61.703;15.979;0;VOLCEMB;2018/09/21/ovsg2018soxmvl;manual;earthquake;WGS84;ABU;20180921T014555.62;2018-09#590
20180921 014616.68;4;10.68;Faible;;;-61.66907;16.04454;;VOLCEMB;2018/09/21/ovsg2018soxnbb;manual;earthquake;WGS84;ABU;20180921T014616.68;2018-09#612
20180921 015102.34;3;7.2;Faible;;;-61.703;15.979;0;VOLCEMB;2018/09/21/ovsg2018soxrfi;manual;not locatable;WGS84;ABU;20180921T015102.34;2018-09#591
20180921 015530.60;3;12.84;Faible;;;-61.703;15.979;0;VOLCEMB;2018/09/21/ovsg2018soxvdh;manual;earthquake;WGS84;ABU;20180921T015530.60;2018-09#592
20180921 021724.30;1;3.48;Faible;-0.1159610461;42272.5484773722;-61.66350042;16.04473992;-0.65234375;VOLCTECT;2018/09/21/ovsg2018soynwy;manual;earthquake;WGS84;JP;20180921T021724.30;2018-09#593
20180921 024816.92;2;6;Faible;;;-61.6697;16.0378;0;VOLCEMB;2018/09/21/ovsg2018sozomq;manual;not locatable;WGS84;ABU;20180921T024816.92;2018-09#594
20180921 030715.54;2;5.58;Faible;-0.3868286031;16586.5894569715;-61.66436188;16.04390677;-0.53515625;VOLCEMB;2018/09/21/ovsg2018spaewf;manual;earthquake;WGS84;ABU;20180921T030715.54;2018-09#617
20180921 032819.02;2;7.74;Faible;;;-61.703;15.979;0;VOLCEMB;2018/09/21/ovsg2018spaxbi;manual;earthquake;WGS84;ABU;20180921T032819.02;2018-09#595
20180921 035110.80;5;11.28;Faible;;;-61.66907;16.04454;;VOLCEMB;2018/09/21/ovsg2018spbqrk;manual;earthquake;WGS84;ABU;20180921T035110.80;2018-09#632
20180921 035353.82;3;6.66;Faible;;;-61.66835;16.03908;;VOLCEMB;2018/09/21/ovsg2018spbtag;manual;earthquake;WGS84;ABU;20180921T035353.82;2018-09#618
20180921 035543.86;1;4.74;Faible;;;-61.66168;16.0427;;VOLCTECT;2018/10/25/ovsg2018spbups;manual;earthquake;WGS84;ABU;20180921T035543.86;2018-09#844
20180921 035552.92;4;8.76;Faible;;;-61.66835;16.03908;;VOLCEMB;2018/09/21/ovsg2018spbuss;manual;earthquake;WGS84;ABU;20180921T035552.92;2018-09#619
20180921 040120.58;4;11.4;Faible;;;-61.66907;16.04454;;VOLCEMB;2018/09/21/ovsg2018spbzle;manual;earthquake;WGS84;ABU;20180921T040120.58;2018-09#634
20180921 040708.94;2;7.02;Faible;;;-61.703;15.979;0;VOLCEMB;2018/09/21/ovsg2018spcelw;manual;not locatable;WGS84;ABU;20180921T040708.94;2018-09#596
20180921 041840.92;2;4.44;Faible;;;-61.703;15.979;0;VOLCEMB;2018/09/21/ovsg2018spcomn;manual;not locatable;WGS84;ABU;20180921T041840.92;2018-09#597
20180921 045442.72;1;2.64;Faible;-0.2839538112;23662.9716385963;-61.66350042;16.04182391;-1.23828125;VOLCEMB;2018/09/21/ovsg2018spdtlp;manual;earthquake;WGS84;JP;20180921T045442.72;2018-09#598
20180921 045954.06;1;2.76;Faible;;;-61.703;15.979;0;VOLCEMB;2018/09/21/ovsg2018spdxxs;manual;not locatable;WGS84;JP;20180921T045954.06;2018-09#599
20180921 050356.76;1;4.98;Faible;;;-61.703;15.979;0;VOLCEMB;2018/09/21/ovsg2018spebkm;manual;not locatable;WGS84;JP;20180921T050356.76;2018-09#600
20180921 050704.92;2;3.96;Faible;;;-61.703;15.979;0;VOLCEMB;2018/09/21/ovsg2018speedb;manual;earthquake;WGS84;ABU;20180921T050704.92;2018-09#601
20180921 050728.80;1;2.94;Faible;;;-61.66907;16.04454;;VOLCEMB;2018/09/21/ovsg2018speekx;manual;earthquake;WGS84;JP;20180921T050728.80;2018-09#620
20180921 051110.74;1;3.54;Faible;;;-61.66907;16.04454;;VOLCEMB;2018/09/21/ovsg2018spehpu;manual;earthquake;WGS84;JP;20180921T051110.74;2018-09#621
20180921 051529.22;1;3.66;Faible;-0.1698217902;35096.7833393624;-61.66436188;16.04473992;-0.41796875;VOLCEMB;2018/09/21/ovsg2018speliw;manual;earthquake;WGS84;JP;20180921T051529.22;2018-09#602
20180921 053423.64;5;17.58;Faible;;;-61.66907;16.04454;;VOLCEMB;2018/09/21/ovsg2018spfbpy;manual;earthquake;WGS84;ABU;20180921T053423.64;2018-09#622
20180921 053525.38;1;3.78;Faible;-0.2306342706;28447.7939783989;-61.66393115;16.04307363;-0.76953125;VOLCTECT;2018/09/21/ovsg2018spfcnm;manual;earthquake;WGS84;JP;20180921T053525.38;2018-09#603
20180921 054633.66;1;2.7;Faible;;;-61.66907;16.04454;;VOLCTECT;2018/09/21/ovsg2018spfmco;manual;earthquake;WGS84;ABU;20180921T054633.66;2018-09#635
20180921 054715.24;3;10.92;Faible;;;-61.703;15.979;0;VOLCEMB;2018/09/21/ovsg2018spfmuc;manual;not locatable;WGS84;ABU;20180921T054715.24;2018-09#604
20180921 054755.50;4;15.24;Faible;;;-61.703;15.979;0;VOLCEMB;2018/09/21/ovsg2018spfnih;manual;not locatable;WGS84;ABU;20180921T054755.50;2018-09#605
20180921 054853.04;3;8.22;Faible;;;-61.66168;16.0427;;VOLCEMB;2018/09/21/ovsg2018spfocv;manual;earthquake;WGS84;ABU;20180921T054853.04;2018-09#623
20180921 054945.06;2;4.8;Faible;;;-61.703;15.979;0;VOLCEMB;2018/09/21/ovsg2018spfowp;manual;not locatable;WGS84;ABU;20180921T054945.06;2018-09#606
20180921 060000.66;1;2.34;Faible;;;-61.66907;16.04454;;VOLCTECT;2018/09/21/ovsg2018spfxrw;manual;earthquake;WGS84;JP;20180921T060000.66;2018-09#624
20180921 061436.12;3;12.36;Faible;;;-61.66168;16.0427;;VOLCEMB;2018/09/21/ovsg2018spgkgz;manual;earthquake;WGS84;ABU;20180921T061436.12;2018-09#636
20180921 064040.38;6;21.3;Faible;;;-61.703;15.979;0;VOLCEMB;2018/09/21/ovsg2018sphguw;manual;not locatable;WGS84;ABU;20180921T064040.38;2018-09#607
20180921 064205.40;1;2.82;Faible;;;-61.66907;16.04454;;VOLCTECT;2018/09/21/ovsg2018sphhyt;manual;earthquake;WGS84;JP;20180921T064205.40;2018-09#625
20180921 070252.38;1;3.42;Faible;-0.593178279;8132.65934939221;-61.66306969;16.04432334;-0.53515625;VOLCTECT;2018/09/21/ovsg2018sphzwk;manual;earthquake;WGS84;JP;20180921T070252.38;2018-09#626
20180921 075031.74;1;3.48;Faible;-0.2102196725;30526.0415662894;-61.66393115;16.0434902;-0.65234375;VOLCTECT;2018/09/21/ovsg2018spjoyt;manual;earthquake;WGS84;JP;20180921T075031.74;2018-09#610
20180921 080106.90;6;23.4;Faible;;;-61.703;15.979;0;VOLCEMB;2018/09/21/ovsg2018spjybw;manual;not locatable;WGS84;ABU;20180921T080106.90;2018-09#611
20180921 085736.60;1;2.64;Faible;-0.5912723252;8186.37268809247;-61.66414651;16.04369849;-0.7109375;VOLCTECT;2018/09/21/ovsg2018splusz;manual;earthquake;WGS84;JP;20180921T085736.60;2018-09#627
20180921 093449.14;7;19.08;Faible;;;-61.66907;16.04454;;VOLCEMB;2018/09/21/ovsg2018spnauu;manual;earthquake;WGS84;ABU;20180921T093449.14;2018-09#628
20180921 094540.20;1;5.16;Faible;-0.224498599;29057.0888587634;-61.66328505;16.04369849;-0.4765625;VOLCTECT;2018/09/21/ovsg2018spnkdx;manual;earthquake;WGS84;ABU;20180921T094540.20;2018-09#638
20180921 105406.90;6;19.44;Faible;;;-61.66907;16.04454;;VOLCEMB;2018/09/21/ovsg2018spprdd;manual;earthquake;WGS84;ABU;20180921T105406.90;2018-09#629
20180921 121519.20;5;16.86;Faible;;;-61.703;15.979;0;VOLCEMB;2018/09/21/ovsg2018spsjfa;manual;not locatable;WGS84;ABU;20180921T121519.20;2018-09#631
20180921 121924.90;6;13.44;Faible;;;-61.66907;16.04454;;VOLCEMB;2018/09/21/ovsg2018spsmqg;manual;earthquake;WGS84;ABU;20180921T121924.90;2018-09#640
20180921 130747.58;4;13.92;Faible;;;-61.66168;16.0427;;VOLCEMB;2018/09/21/ovsg2018spucih;manual;earthquake;WGS84;ABU;20180921T130747.58;2018-09#642
20180921 142023.76;4;10.8;Faible;;;-61.66907;16.04454;;VOLCEMB;2018/09/21/ovsg2018spwmww;manual;earthquake;WGS84;ABU;20180921T142023.76;2018-09#644
20180921 145356.28;2;4.74;Faible;;;-61.66907;16.04454;;VOLCEMB;2018/09/21/ovsg2018spxpuo;manual;earthquake;WGS84;ABU;20180921T145356.28;2018-09#646
20180921 160624.12;2;8.1;Faible;;;-61.66907;16.04454;;VOLCEMB;2018/09/21/ovsg2018sqaagd;manual;earthquake;WGS84;ABU;20180921T160624.12;2018-09#647
20180921 165217.10;3;9.72;Faible;;;-61.703;15.979;0;VOLCEMB;2018/09/21/ovsg2018sqbnux;manual;not locatable;WGS84;ABU;20180921T165217.10;2018-09#649
20180921 172832.22;4;9.54;Faible;;;-61.66907;16.04454;;VOLCEMB;2018/09/21/ovsg2018sqctai;manual;earthquake;WGS84;ABU;20180921T172832.22;2018-09#651
20180921 175232.40;2;7.56;Faible;;;-61.66168;16.0427;;VOLCEMB;2018/09/21/ovsg2018sqdnsa;manual;earthquake;WGS84;ABU;20180921T175232.40;2018-09#652
20180921 180430.78;4;4.86;Faible;;;-61.66907;16.04454;;VOLCEMB;2018/09/21/ovsg2018sqdyad;manual;earthquake;WGS84;ABU;20180921T180430.78;2018-09#653
20180921 183016.92;1;1.32;Faible;;;-61.66907;16.04454;;VOLCTECT;2018/09/21/ovsg2018sqeufl;manual;earthquake;WGS84;ABU;20180921T183016.92;2018-09#655
20180921 185324.24;3;4.74;Faible;;;-61.66168;16.0427;;VOLCEMB;2018/09/21/ovsg2018sqfodt;manual;earthquake;WGS84;ABU;20180921T185324.24;2018-09#656
20180921 190521.18;1;5.58;Faible;;;-61.66168;16.0427;;VOLCEMB;2018/09/21/ovsg2018sqfylm;manual;earthquake;WGS84;ABU;20180921T190521.18;2018-09#657
20180921 201209.12;3;9;Faible;;;-61.66907;16.04454;;VOLCEMB;2018/09/22/ovsg2018sqiead;manual;earthquake;WGS84;ABU;20180921T201209.12;2018-09#661
20180921 201437.14;1;6.24;Faible;;;-61.66907;16.04454;;VOLCTECT;2018/09/22/ovsg2018sqigdj;manual;earthquake;WGS84;ABU;20180921T201437.14;2018-09#662
20180921 201516.80;2;9.24;Faible;;;-61.66907;16.04454;;VOLCEMB;2018/09/22/ovsg2018sqigry;manual;earthquake;WGS84;ABU;20180921T201516.80;2018-09#663
20180921 210337.74;3;9.18;Faible;;;-61.66907;16.04454;;VOLCEMB;2018/09/22/ovsg2018sqjwlc;manual;earthquake;WGS84;ABU;20180921T210337.74;2018-09#665
20180921 221547.28;3;7.92;Faible;;;-61.66907;16.04454;;VOLCEMB;2018/09/22/ovsg2018sqmgoc;manual;earthquake;WGS84;ABU;20180921T221547.28;2018-09#666
20180921 225312.96;4;8.88;Faible;;;-61.66907;16.04454;;VOLCEMB;2018/09/22/ovsg2018sqnmuk;manual;earthquake;WGS84;ABU;20180921T225312.96;2018-09#667
20180921 234715.78;2;6.9;Faible;;;-61.66907;16.04454;;VOLCEMB;2018/09/22/ovsg2018sqphjk;manual;earthquake;WGS84;ABU;20180921T234715.78;2018-09#668
20180921 234931.62;3;7.14;Faible;;;-61.66907;16.04454;;VOLCEMB;2018/09/22/ovsg2018sqpjie;manual;earthquake;WGS84;ABU;20180921T234931.62;2018-09#669
20180922 003243.74;3;7.86;Faible;;;-61.66907;16.04454;;VOLCEMB;2018/09/22/ovsg2018sqquob;manual;earthquake;WGS84;ABU;20180922T003243.74;2018-09#670
20180922 010518.90;3;3;Faible;;;-61.66907;16.04454;;VOLCEMB;2018/09/22/ovsg2018sqrwqc;manual;earthquake;WGS84;ABU;20180922T010518.90;2018-09#671
20180922 051424.60;1;10.98;Faible;;;-61.66333333;16.04433333;-0.33;VOLCEMB;2018/09/22/ovsg2018sradhw;manual;earthquake;WGS84;ABU;20180922T051424.60;2018-09#675
20180922 084006.12;1;8.7;Faible;;;-61.66907;16.04454;;VOLCEMB;2018/09/22/ovsg2018srgynu;manual;earthquake;WGS84;ABU;20180922T084006.12;2018-09#677
20180922 085555.56;1;7.68;Faible;;;-61.66907;16.04454;;VOLCEMB;2018/09/22/ovsg2018srhmed;automatic;;WGS84;ABU;20180922T085555.56;2018-09#678
20180922 092625.92;1;8.04;Faible;;;-61.66168;16.0427;;VOLCEMB;2018/09/22/ovsg2018srimlm;automatic;;WGS84;ABU;20180922T092625.92;2018-09#679
20180922 100619.32;1;3.06;Faible;;;-61.66907;16.04454;;VOLCTECT;2018/09/22/ovsg2018srjuvl;automatic;;WGS84;ABU;20180922T100619.32;2018-09#680
20180922 111332.22;1;7.2;Faible;;;-61.66907;16.04454;;VOLCEMB;2018/09/22/ovsg2018srmatk;automatic;;WGS84;ABU;20180922T111332.22;2018-09#681
20180922 124244.58;4;7.26;Faible;;;-61.66907;16.04454;;VOLCEMB;2018/09/22/ovsg2018srozpx;automatic;;WGS84;ABU;20180922T124244.58;2018-09#684
20180922 125514.22;1;7.8;Faible;;;-61.66907;16.04454;;VOLCEMB;2018/09/22/ovsg2018srpkjz;automatic;;WGS84;ABU;20180922T125514.22;2018-09#685
20180922 133815.06;1;9.66;Faible;;;-61.66907;16.04454;;VOLCEMB;2018/09/22/ovsg2018srqvlt;automatic;;WGS84;ABU;20180922T133815.06;2018-09#686
20180922 144446.32;1;1.92;Faible;;;-61.66907;16.04454;;VOLCTECT;2018/09/22/ovsg2018srtaub;automatic;;WGS84;ABU;20180922T144446.32;2018-09#688
20180922 150026.40;1;7.74;Faible;;;-61.66907;16.04454;;VOLCEMB;2018/09/22/ovsg2018srtohb;automatic;;WGS84;ABU;20180922T150026.40;2018-09#689
20180922 160008.04;2;5.1;Faible;-0.2338986366;28128.8544017167;-61.66393115;16.04432334;-0.65234375;VOLCEMB;2018/09/22/ovsg2018srvnsz;manual;earthquake;WGS84;ABU;20180922T160008.04;2018-09#683
20180922 164016.74;1;5.52;Faible;;;-61.66907;16.04454;;VOLCEMB;2018/09/22/ovsg2018srwwhu;automatic;;WGS84;ABU;20180922T164016.74;2018-09#690
20180922 164509.78;1;2.82;Faible;;;;;;VOLCTECT;;;;WGS84;ABU;20180922T164509.78;2018-09#693
20180922 164522.68;1;4.92;Faible;;;-61.66907;16.04454;;VOLCEMB;2018/09/22/ovsg2018srxanf;automatic;;WGS84;ABU;20180922T164522.68;2018-09#694
20180922 170102.58;1;1.8;Faible;-0.4901754014;11607.4520396888;-61.66608479;16.04349019;-1.23828125;VOLCTECT;2018/09/22/ovsg2018srxoeo;manual;earthquake;WGS84;ABU;20180922T170102.58;2018-09#692
20180922 172927.78;1;3.06;Faible;;;-61.66907;16.04454;;VOLCEMB;2018/09/22/ovsg2018srymrt;automatic;;WGS84;ABU;20180922T172927.78;2018-09#695
20180922 174027.48;1;3.84;Faible;;;-61.66907;16.04454;;VOLCEMB;2018/09/22/ovsg2018srywef;automatic;;WGS84;ABU;20180922T174027.48;2018-09#696
20180922 180506.72;1;3.42;Faible;;;-61.66907;16.04454;;VOLCEMB;2018/09/22/ovsg2018srzrkm;automatic;;WGS84;ABU;20180922T180506.72;2018-09#697
20180922 185810.98;1;2.34;Faible;0;;-61.703;15.979;0;VOLCTECT;2018/09/22/ovsg2018ssblee;automatic;;WGS84;ABU;20180922T185810.98;2018-09#699
20180922 193126.22;1;3.24;Faible;;;-61.66907;16.04454;;VOLCEMB;2018/09/23/ovsg2018sscnut;automatic;;WGS84;ABU;20180922T193126.22;2018-09#706
20180922 195010.32;4;3.54;Faible;;;-61.677;16.0467;0;VOLCEMB;2018/09/22/ovsg2018ssddzf;manual;not locatable;WGS84;ABU;20180922T195010.32;2018-09#700
20180922 213059.46;1;3.96;Faible;;;-61.66168;16.0427;;VOLCEMB;2018/09/23/ovsg2018ssgmvg;automatic;;WGS84;ABU;20180922T213059.46;2018-09#707
20180922 213419.02;2;3.36;Faible;;;-61.6763;16.0398;0;VOLCEMB;2018/09/22/ovsg2018ssgprw;manual;not locatable;WGS84;ABU;20180922T213419.02;2018-09#701
20180922 214555.20;1;2.1;Faible;;;-61.66907;16.04454;;VOLCTECT;2018/09/23/ovsg2018ssgzrv;automatic;;WGS84;ABU;20180922T214555.20;2018-09#708
20180922 222153.46;1;3.54;Faible;-0.1175719239;42038.0066109527;-61.66393115;16.04432334;-0.53515625;VOLCTECT;2018/09/22/ovsg2018ssiesk;manual;earthquake;WGS84;ABU;20180922T222153.46;2018-09#702
20180922 223759.16;1;1.5;Faible;;;-61.66907;16.04454;;VOLCTECT;2018/09/23/ovsg2018ssisoj;automatic;;WGS84;ABU;20180922T223759.16;2018-09#709
20180922 224034.08;1;2.52;Faible;;;-61.66907;16.04454;;VOLCTECT;2018/09/23/ovsg2018ssiuug;automatic;;WGS84;ABU;20180922T224034.08;2018-09#710
20180922 224812.06;1;1.62;Faible;;;-61.66907;16.04454;;VOLCTECT;2018/09/23/ovsg2018ssjbjg;automatic;;WGS84;ABU;20180922T224812.06;2018-09#711
20180922 231503.24;1;5.52;Faible;;;-61.66907;16.04454;;VOLCEMB;2018/09/23/ovsg2018ssjymv;automatic;;WGS84;ABU;20180922T231503.24;2018-09#712
20180922 233834.56;1;1.92;Faible;0;;-61.703;15.979;0;VOLCTECT;2018/09/22/ovsg2018ssksum;automatic;;WGS84;ABU;20180922T233834.56;2018-09#703
20180922 235034.38;2;5.7;Faible;;;-61.703;15.979;0;VOLCEMB;2018/09/22/ovsg2018ssldeb;manual;not locatable;WGS84;ABU;20180922T235034.38;2018-09#704
20180923 005630.66;1;2.04;Faible;;;-61.66907;16.04454;;VOLCTECT;2018/09/23/ovsg2018ssnhxu;automatic;;WGS84;ABU;20180923T005630.66;2018-09#713
20180923 013035.76;1;3.12;Faible;;;-61.66168;16.0427;;VOLCTECT;2018/09/23/ovsg2018ssolhl;automatic;;WGS84;ABU;20180923T013035.76;2018-09#715
20180923 021453.94;1;9.6;Faible;;;-61.66306969;16.0434902;-0.53515625;VOLCEMB;2018/09/23/ovsg2018sspxnc;manual;earthquake;WGS84;ABU;20180923T021453.94;2018-09#718
20180923 021531.32;1;5.16;Faible;;;-61.66907;16.04454;;VOLCEMB;2018/09/23/ovsg2018sspyad;automatic;;WGS84;ABU;20180923T021531.32;2018-09#722
20180923 025126.04;1;4.98;Faible;;;-61.66907;16.04454;;VOLCEMB;2018/09/23/ovsg2018ssrcyw;automatic;;WGS84;ABU;20180923T025126.04;2018-09#723
20180923 025342.18;1;2.1;Faible;;;-61.66907;16.04454;;VOLCTECT;2018/09/23/ovsg2018ssrexq;automatic;;WGS84;ABU;20180923T025342.18;2018-09#724
20180923 044317.58;3;8.58;Faible;-nan;NaN;-61.66393115;16.04557306;-0.53515625;VOLCEMB;2018/09/23/ovsg2018ssuvhp;manual;earthquake;WGS84;ABU;20180923T044317.58;2018-09#719
20180923 053156.64;1;2.52;Faible;;;-61.66907;16.04454;;VOLCTECT;2018/09/23/ovsg2018sswlgv;automatic;;WGS84;ABU;20180923T053156.64;2018-09#725
20180923 061655.74;4;5.28;Faible;;;-61.703;15.979;0;VOLCEMB;2018/09/23/ovsg2018ssxyce;manual;earthquake;WGS84;ABU;20180923T061655.74;2018-09#721
20180923 084221.96;1;2.34;Faible;;;-61.66907;16.04454;;VOLCTECT;2018/09/23/ovsg2018stctjb;manual;earthquake;WGS84;ABU;20180923T084221.96;2018-09#726
20180923 084729.40;1;2.46;Faible;;;-61.66907;16.04454;;VOLCTECT;2018/09/23/ovsg2018stcxub;manual;earthquake;WGS84;ABU;20180923T084729.40;2018-09#727
20180923 161005.34;1;2.16;Faible;-0.4047201048;15592.6468469574;-61.66393115;16.04307363;-0.76953125;VOLCEMB;2018/09/23/ovsg2018strpel;manual;earthquake;WGS84;ABU;20180923T161005.34;2018-09#729
20180923 190110.92;1;3.48;Faible;-0.1877467783;32989.8113865461;-61.66436188;16.04307363;-0.88671875;VOLCTECT;2018/09/23/ovsg2018stxgpn;manual;earthquake;WGS84;ABU;20180923T190110.92;2018-09#731
20180924 014049.08;1;4.5;Faible;;;-61.66907;16.04454;;VOLCTECT;2018/09/30/ovsg2018sukmzp;automatic;;WGS84;RM;20180924T014049.08;2018-09#827
20180924 070035.16;1;2.46;Faible;0;;-61.703;15.979;0;VOLCTECT;2018/09/24/ovsg2018suvcog;automatic;;WGS84;JP;20180924T070035.16;2018-09#737
20180924 203352.50;1;5.4;Faible;;;-61.66907;16.04454;;VOLCEMB;2018/09/24/ovsg2018svwbji;automatic;;WGS84;RM;20180924T203352.50;2018-09#747
20180924 211705.40;1;2.76;Faible;;;-61.66907;16.04454;;VOLCTECT;2018/09/25/ovsg2018svxmpp;automatic;;WGS84;RM;20180924T211705.40;2018-09#750
20180924 234557.72;1;6.84;Faible;0;;-61.703;15.979;0;VOLCLP;2018/09/24/ovsg2018swckya;automatic;;WGS84;RM;20180924T234557.72;2018-09#749
20180925 073733.36;1;2.52;Faible;;;-61.66907;16.04454;;VOLCTECT;2018/09/30/ovsg2018swsbha;automatic;;WGS84;RM;20180925T073733.36;2018-09#828
20180925 094852.86;1;2.46;Faible;0;;-61.703;15.979;0;VOLCTECT;2018/09/25/ovsg2018swwklw;automatic;;WGS84;JP;20180925T094852.86;2018-09#752
20180925 100250.88;1;1.92;Faible;;;-61.66907;16.04454;;VOLCTECT;2018/09/30/ovsg2018swwwmb;automatic;;WGS84;RM;20180925T100250.88;2018-09#829
20180925 155755.92;1;3;Faible;;;-61.66907;16.04454;;VOLCTECT;2018/09/25/ovsg2018sxiqlp;automatic;;WGS84;RM;20180925T155755.92;2018-09#767
20180925 213624.90;1;2.28;Faible;;;-61.66907;16.04454;;VOLCTECT;2018/09/25/ovsg2018sxtwdg;automatic;;WGS84;RM;20180925T213624.90;2018-09#771
20180926 014220.10;1;2.7;Faible;-0.366734474;17778.6298890884;-61.66350042;16.04307363;-1.00390625;VOLCTECT;2018/09/26/ovsg2018sycabs;manual;earthquake;WGS84;JP;20180926T014220.10;2018-09#772
20180926 103044.28;1;2.46;Faible;;;-61.66907;16.04454;;VOLCTECT;2018/09/30/ovsg2018sytnka;automatic;;WGS84;RM;20180926T103044.28;2018-09#831
20180926 112552.14;1;4.26;Faible;;;-61.66907;16.04454;;VOLCTECT;2018/09/26/ovsg2018syvixg;automatic;;WGS84;RM;20180926T112552.14;2018-09#776
20180926 113636.48;1;2.4;Faible;;;-61.66907;16.04454;;VOLCTECT;2018/09/30/ovsg2018syvsdt;automatic;;WGS84;RM;20180926T113636.48;2018-09#832
20180926 114904.44;1;3.96;Faible;;;-61.66907;16.04454;;VOLCTECT;2018/09/26/ovsg2018sywcxb;automatic;;WGS84;RM;20180926T114904.44;2018-09#777
20180926 115106.06;1;2.7;Faible;;;-61.66907;16.04454;;VOLCTECT;2018/09/26/ovsg2018syweqq;automatic;;WGS84;RM;20180926T115106.06;2018-09#778
20180926 120005.10;1;2.34;Faible;;;-61.66907;16.04454;;VOLCTECT;2018/09/26/ovsg2018sywmjx;automatic;;WGS84;RM;20180926T120005.10;2018-09#779
20180926 120957.78;1;2.7;Faible;;;-61.66907;16.04454;;VOLCTECT;2018/09/30/ovsg2018sywuwy;automatic;;WGS84;RM;20180926T120957.78;2018-09#833
20180926 162324.60;1;4.32;Faible;;;-61.66907;16.04454;;VOLCTECT;2018/09/26/ovsg2018szffhl;automatic;;WGS84;RM;20180926T162324.60;2018-09#783
20180927 183028.98;1;2.16;Faible;;;-61.66907;16.04454;;VOLCTECT;2018/09/27/ovsg2018tbfdrf;automatic;;WGS84;RM;20180927T183028.98;2018-09#792
20180927 184937.26;1;2.52;Faible;;;-61.66907;16.04454;;VOLCTECT;2018/09/27/ovsg2018tbfueh;automatic;;WGS84;RM;20180927T184937.26;2018-09#793
20180928 073009.78;1;3.42;Faible;;;-61.66907;16.04454;;VOLCTECT;2018/09/30/ovsg2018tceznw;automatic;;WGS84;RM;20180928T073009.78;2018-09#835
20180929 041243.26;1;3.96;Faible;;;-61.66907;16.04454;;VOLCEMB;2018/09/29/ovsg2018tduehh;automatic;;WGS84;RM;20180929T041243.26;2018-09#811
20180930 090002.64;1;4.02;Faible;;;-61.28223;15.94935;;VOLCLP;2018/09/30/ovsg2018tfzktl;automatic;;WGS84;RM;20180930T090002.64;2018-09#821
20180930 090620.58;1;2.7;Faible;;;-61.66907;16.04454;;VOLCTECT;2018/10/01/ovsg2018tfzqep;automatic;;WGS84;RM;20180930T090620.58;2018-09#837
20180930 091908.10;1;4.26;Faible;;;-61.66907;16.04454;;VOLCTECT;2018/09/30/ovsg2018tgabfj;automatic;;WGS84;RM;20180930T091908.10;2018-09#822
20180930 092728.02;1;5.16;Faible;;;-61.65724;16.04001;;VOLCTECT;2018/10/01/ovsg2018tgaikb;automatic;;WGS84;RM;20180930T092728.02;2018-09#838
20180930 093352.26;1;3.72;Faible;;;-61.66907;16.04454;;VOLCTECT;2018/10/01/ovsg2018tganxm;automatic;;WGS84;RM;20180930T093352.26;2018-09#839
20180930 095047.58;1;3.6;Faible;;;-61.66907;16.04454;;VOLCTECT;2018/10/01/ovsg2018tgbcmm;automatic;;WGS84;RM;20180930T095047.58;2018-09#840
20180930 130345.12;1;3.72;Faible;;;-61.66907;16.04454;;VOLCTECT;2018/09/30/ovsg2018tghmtw;automatic;;WGS84;RM;20180930T130345.12;2018-09#823
20180930 130607.68;1;3.3;Faible;;;-61.66907;16.04454;;VOLCTECT;2018/10/01/ovsg2018tghouw;automatic;;WGS84;RM;20180930T130607.68;2018-09#841
20180930 140127.00;1;10;Faible;-0.4163260157;14979.9711326027;-61.66436188;16.04432334;-0.53515625;VOLCTECT;2018/09/30/ovsg2018tgjkmz;manual;earthquake;WGS84;GU;20180930T140127.00;2018-09#819
20180930 212645.18;1;3.78;Faible;;;-61.66907;16.04454;;VOLCTECT;2018/10/01/ovsg2018tgyefl;automatic;;WGS84;RM;20180930T212645.18;2018-09#842
20180930 212650.10;1;3.54;Faible;;;;;;VOLCTECT;;;;WGS84;RM;20180930T212650.10;2018-09#843
20181001 013452.50;1;4.44;Faible;;;-61.66907;16.04454;;VOLCTECT;2018/10/01/ovsg2018thgkal;automatic;;WGS84;RM;20181001T013452.50;2018-10#4
20181001 023113.86;1;2.64;Faible;;;-61.66907;16.04454;;VOLCTECT;2018/10/01/ovsg2018thigoz;automatic;;WGS84;RM;20181001T023113.86;2018-10#6
20181001 024433.06;1;6.42;Faible;;;-61.66907;16.04454;;VOLCTECT;2018/10/01/ovsg2018thisbs;automatic;;WGS84;RM;20181001T024433.06;2018-10#7
20181001 025026.52;1;3.72;Faible;;;-61.66907;16.04454;;VOLCTECT;2018/10/01/ovsg2018thixdn;automatic;;WGS84;RM;20181001T025026.52;2018-10#8
20181001 030842.12;1;4.02;Faible;;;-61.66907;16.04454;;VOLCTECT;2018/10/01/ovsg2018thjmwu;automatic;;WGS84;RM;20181001T030842.12;2018-10#10
20181001 033503.00;1;3.36;Faible;;;-61.66907;16.04454;;VOLCTECT;2018/10/01/ovsg2018thkjpd;automatic;;WGS84;RM;20181001T033503.00;2018-10#11
20181001 034758.56;1;2.52;Faible;-0.7951035362;4048.97127478641;-61.66436188;16.04390677;-0.41796875;VOLCTECT;2018/10/01/ovsg2018thkusm;manual;earthquake;WGS84;RM;20181001T034758.56;2018-10#9
20181001 035130.36;1;3.54;Faible;;;-61.66907;16.04454;;VOLCTECT;2018/10/01/ovsg2018thkxts;automatic;;WGS84;RM;20181001T035130.36;2018-10#12
20181001 035749.20;1;3.6;Faible;;;-61.66907;16.04454;;VOLCTECT;2018/10/01/ovsg2018thldff;automatic;;WGS84;RM;20181001T035749.20;2018-10#13
20181001 035927.66;1;2.52;Faible;;;-61.66907;16.04454;;VOLCTECT;2018/10/01/ovsg2018thlepv;automatic;;WGS84;RM;20181001T035927.66;2018-10#14
20181001 040901.68;1;2.88;Faible;;;-61.66907;16.04454;;VOLCTECT;2018/10/01/ovsg2018thlmwe;automatic;;WGS84;RM;20181001T040901.68;2018-10#15
20181001 041143.80;1;3.54;Faible;;;-61.66907;16.04454;;VOLCTECT;2018/10/01/ovsg2018thlpeq;automatic;;WGS84;RM;20181001T041143.80;2018-10#16
20181001 042445.36;1;3.12;Faible;;;-61.66907;16.04454;;VOLCTECT;2018/10/01/ovsg2018thmakr;automatic;;WGS84;RM;20181001T042445.36;2018-10#17
20181001 081017.34;1;5.16;Faible;;;-61.66907;16.04454;;VOLCTECT;2018/10/01/ovsg2018thtmtr;automatic;;WGS84;CL;20181001T081017.34;2018-10#24
20181001 094931.86;1;2.34;Faible;-0.9282408851;2556.45806030469;-61.66393115;16.04473992;-0.65234375;VOLCTECT;2018/10/01/ovsg2018thwugu;manual;earthquake;WGS84;ABU;20181001T094931.86;2018-10#20
20181001 095150.52;1;3.72;Faible;;;-61.66907;16.04454;;VOLCTECT;2018/10/01/ovsg2018thwwgx;automatic;;WGS84;CL;20181001T095150.52;2018-10#25
20181001 125849.26;1;3.48;Faible;;;-61.66907;16.04454;;VOLCTECT;2018/10/01/ovsg2018tidbkf;automatic;;WGS84;RM;20181001T125849.26;2018-10#27
20181001 170339.30;1;2.22;Faible;;;-61.66907;16.04454;;VOLCTECT;2018/10/01/ovsg2018tilejq;automatic;;WGS84;ABU;20181001T170339.30;2018-10#31
20181001 174255.86;1;2.04;Faible;;;-61.66168;16.0427;;VOLCTECT;2018/10/01/ovsg2018timmfk;automatic;;WGS84;ABU;20181001T174255.86;2018-10#32
20181001 182046.02;1;1.32;Faible;;;-61.66907;16.04454;;VOLCTECT;2018/10/01/ovsg2018tinsvl;automatic;;WGS84;ABU;20181001T182046.02;2018-10#33
